cluster_kmeans,pct_poblacion_afro,establecimientos_por_10k_hab,densidad_petroleo_km2,centroide_lat,centroide_lon
0,0.34128358208955223,10.540716417910447,0.005486567164179105,-3.2846260288699605,-79.52008566689372
1,1.0494560669456066,5.263096234309624,0.02931276150627615,-0.8178316937587291,-78.7532683853586
2,45.32354838709677,11.851612903225808,0.0,0.9162371093741725,-78.68628665608611
3,1.0733333333333335,1.8099999999999998,6.771733333333334,-1.605274645744008,-79.54723644681643
